{
  "config": {
    "mod_list": [ {
      "enable": false,
      "name": "SuperBLT"
    }, {
      "enable": false,
      "name": "Team Review"
    }, {
      "enable": false,
      "name": "Lobby Settings"
    }, {
      "enable": true,
      "name": "Perk Logic"
    }, {
      "enable": true,
      "name": "Advance Anti Crash"
    }, {
      "enable": true,
      "name": "The Cooker"
    }, {
      "enable": false,
      "name": "Void UI Scoreboard Standalone"
    }, {
      "enable": true,
      "name": "HD Masks"
    }, {
      "enable": false,
      "name": "WolfHUD"
    }, {
      "enable": true,
      "name": "Enhanced Night Vision (Ambient)"
    }, {
      "enable": true,
      "name": "ReLUA"
    }, {
      "enable": true,
      "name": "Chat Translator"
    }, {
      "enable": false,
      "name": "Berserk Helper"
    }, {
      "enable": true,
      "name": "Immortal dominated cops"
    }, {
      "enable": false,
      "name": "Fast.Net Standalone Continued"
    }, {
      "enable": true,
      "name": "Matrix"
    }, {
      "enable": true,
      "name": "Overdrill Helper"
    }, {
      "enable": false,
      "name": "Lobby Player Info"
    }, {
      "enable": true,
      "name": "Equipment Stacker"
    }, {
      "enable": true,
      "name": "Ilija Kill Counter"
    } ]
  }
}