{
  "config": {
    "mod_list": [ {
      "enable": false,
      "name": "Simple Mod Updater"
    }, {
      "enable": false,
      "name": "SuperBLT"
    }, {
      "enable": false,
      "name": "RNGModifier"
    }, {
      "enable": false,
      "name": "Anticrash"
    }, {
      "enable": false,
      "name": "DustyHack P3DHACK"
    }, {
      "enable": false,
      "name": "VIS"
    }, {
      "enable": false,
      "name": "VanillaHUDPlus"
    }, {
      "enable": false,
      "name": "crosshair assist"
    }, {
      "enable": false,
      "name": "HD Masks"
    }, {
      "enable": false,
      "name": "silent"
    }, {
      "enable": false,
      "name": "No Confirm Dialogs"
    }, {
      "enable": false,
      "name": "ReLUA"
    }, {
      "enable": false,
      "name": "Reconnect To Server"
    }, {
      "enable": false,
      "name": "no screen shake 2.0"
    }, {
      "enable": false,
      "name": "Ultimate Trainer 6"
    } ]
  }
}