{
  "config": {
    "autosecure": {
      "enabled": false,
      "level_list": {
        "branchbank": {
          "position": [ -13100, 900, 100 ]
        },
        "cane": {
          "interaction": "hold_pku_present",
          "position": [ 7837, -991, -475.28 ]
        },
        "crojob2": {
          "position": [ -3907, 9638, -118 ]
        },
        "election_day_2": {
          "position": [ -175, 4125, 125 ]
        },
        "election_day_3_skip1": {
          "position": [ -1842, -6047, 88.331 ]
        },
        "framing_frame_1": {
          "position": [ 1154, -4298, 222 ]
        },
        "framing_frame_3": {
          "position": [ -1079, 6491, 4833 ]
        },
        "gallery": {
          "position": [ 1154, -4298, 222 ]
        },
        "kosugi": {
          "position": [ -2184, -2374, 1180 ]
        },
        "rat": {
          "interaction": "taking_meth",
          "position": [ 5700, -10625, 100 ]
        },
        "roberts": {
          "position": [ -8025, -3837, 285.86 ]
        }
      }
    },
    "fake_name": "✌Playhouse✌",
    "killloop": {
      "enabled": false,
      "speed": 1
    },
	 "automsg": {
      "enabled": false
    },
    "noclip": {
      "axis_move": {
        "x": 0,
        "y": 0,
        "z": 0
      },
      "speed": 5
    }
  }
}